﻿<?xml version="1.0" encoding="utf-8" ?>
<sqlMap namespace="SystemV2.0" xmlns="http://ibatis.apache.org/mapping" xmlns:xsi="http://www.w3.org/2001/XMLSchema-instance">
	
	<!--<alias>
		 alias:取别名
                    assembly:表示类所在的文件
                    type:表示该类的完整的名称
      
		<typeAlias alias="Product" assembly="EntityModel.dll" type="EntityModel.Product" />
	</alias>-->
	
	<!--
	resultMaps 配置结果集的与实体集的映射关系
	-->
	<resultMaps>
		<resultMap  id="Product_Info" class="Hashtable">
			<result  property="ProductId" column="ProductId" />
			<result  property="Product_Name" column="Product_Name" />
			<result  property="Product_Company" column="Product_Company" />
			<result  property="Product_Stand" column="Product_Stand" />
			<result  property="Product_Desc" column="Product_Desc" />
			<result  property="PostTime" column="PostTime" />
			<!--<result  property="Product_Img" column="ProductId" type="Hashtable" select="GetProductImg" nullValue="null"/>-->
		</resultMap>
		
		<resultMap  id="Product_Img" class="Hashtable">
			<!--<result  property="ProductId" column="ProductId" />-->
			<result  property="ProductImgSrc" column="ProductImgSrc" />
			<result  property="ProductImgDesc" column="ProductImgDesc" />
		</resultMap>
	</resultMaps>

	<!--配置函数-->
	<parameterMaps>
		<parameterMap id="ProductInfoMap" class="Hashtable">
			<parameter property="ProductID" column="ProductID" />
		</parameterMap>
	</parameterMaps>
	
	
  <statements>
    <!-- 根据ID获取产品信息 -->
	  <!--<select id="GetProductInfo" parameterClass="HashTable" resultMap ="Product_Info">
		select * from products where productid=#ProductID#
	</select>-->
	  
	  <!-- 根据产品ID 获取产品图片信息-->
	  <!--<select id="GetProductImg" parameterClass="int"  resultClass="HashTable">
		  select * from ProductImg where ProductID=#ProductID#
	  </select>-->
  </statements>
</sqlMap>
